Year,month,attendance,AnnualTotal,date
2025,JAN,276999,11527939,2025-01
2025,FEB,409449,11527939,2025-02
2025,MAR,845724,11527939,2025-03
2025,APR,986442,11527939,2025-04
2025,MAY,1114160,11527939,2025-05
2025,JUN,1336144,11527939,2025-06
2025,JUL,1435337,11527939,2025-07
2025,AUG,998056,11527939,2025-08
2025,SEP,981366,11527939,2025-09
2025,OCT,1561683,11527939,2025-10
2025,NOV,867677,11527939,2025-11
2025,DEC,714902,11527939,2025-12
2024,JAN,407804,12191834,2024-01
2024,FEB,472412,12191834,2024-02
2024,MAR,872124,12191834,2024-03
2024,APR,951189,12191834,2024-04
2024,MAY,1266832,12191834,2024-05
2024,JUN,1378182,12191834,2024-06
2024,JUL,1385854,12191834,2024-07
2024,AUG,1150247,12191834,2024-08
2024,SEP,1015889,12191834,2024-09
2024,OCT,1510684,12191834,2024-10
2024,NOV,1016062,12191834,2024-11
2024,DEC,764555,12191834,2024-12
2023,JAN,459626,13297647,2023-01
2023,FEB,506742,13297647,2023-02
2023,MAR,879991,13297647,2023-03
2023,APR,1026754,13297647,2023-04
2023,MAY,1229626,13297647,2023-05
2023,JUN,1545906,13297647,2023-06
2023,JUL,1609741,13297647,2023-07
2023,AUG,1289406,13297647,2023-08
2023,SEP,1307865,13297647,2023-09
2023,OCT,1704922,13297647,2023-10
2023,NOV,975806,13297647,2023-11
2023,DEC,761262,13297647,2023-12
2022,JAN,409267,12937633,2022-01
2022,FEB,536592,12937633,2022-02
2022,MAR,878917,12937633,2022-03
2022,APR,1014878,12937633,2022-04
2022,MAY,1227558,12937633,2022-05
2022,JUN,1486757,12937633,2022-06
2022,JUL,1560696,12937633,2022-07
2022,AUG,1266172,12937633,2022-08
2022,SEP,1315818,12937633,2022-09
2022,OCT,1624908,12937633,2022-10
2022,NOV,945444,12937633,2022-11
2022,DEC,670626,12937633,2022-12
2021,JAN,525801,14161548,2021-01
2021,FEB,502459,14161548,2021-02
2021,MAR,931060,14161548,2021-03
2021,APR,1169469,14161548,2021-04
2021,MAY,1363183,14161548,2021-05
2021,JUN,1539247,14161548,2021-06
2021,JUL,1730987,14161548,2021-07
2021,AUG,1398161,14161548,2021-08
2021,SEP,1355599,14161548,2021-09
2021,OCT,1633547,14161548,2021-10
2021,NOV,1155227,14161548,2021-11
2021,DEC,856808,14161548,2021-12
2020,JAN,438509,12095720,2020-01
2020,FEB,426839,12095720,2020-02
2020,MAR,487535,12095720,2020-03
2020,APR,99371,12095720,2020-04
2020,MAY,828792,12095720,2020-05
2020,JUN,1535660,12095720,2020-06
2020,JUL,1726187,12095720,2020-07
2020,AUG,1544254,12095720,2020-08
2020,SEP,1400171,12095720,2020-09
2020,OCT,1739720,12095720,2020-10
2020,NOV,1091098,12095720,2020-11
2020,DEC,777584,12095720,2020-12
2019,JAN,496743,12547743,2019-01
2019,FEB,421770,12547743,2019-02
2019,MAR,786305,12547743,2019-03
2019,APR,999259,12547743,2019-04
2019,MAY,1096056,12547743,2019-05
2019,JUN,1469857,12547743,2019-06
2019,JUL,1613133,12547743,2019-07
2019,AUG,1411231,12547743,2019-08
2019,SEP,1273326,12547743,2019-09
2019,OCT,1408013,12547743,2019-10
2019,NOV,851419,12547743,2019-11
2019,DEC,720631,12547743,2019-12
2018,JAN,320864,11421200,2018-01
2018,FEB,399156,11421200,2018-02
2018,MAR,689235,11421200,2018-03
2018,APR,820657,11421200,2018-04
2018,MAY,985145,11421200,2018-05
2018,JUN,1401741,11421200,2018-06
2018,JUL,1468273,11421200,2018-07
2018,AUG,1195360,11421200,2018-08
2018,SEP,1369637,11421200,2018-09
2018,OCT,1263665,11421200,2018-10
2018,NOV,867110,11421200,2018-11
2018,DEC,640357,11421200,2018-12
2017,JAN,382161,11338893,2017-01
2017,FEB,457921,11338893,2017-02
2017,MAR,690615,11338893,2017-03
2017,APR,867375,11338893,2017-04
2017,MAY,907646,11338893,2017-05
2017,JUN,1304711,11338893,2017-06
2017,JUL,1492508,11338893,2017-07
2017,AUG,1235188,11338893,2017-08
2017,SEP,1282168,11338893,2017-09
2017,OCT,1336369,11338893,2017-10
2017,NOV,817238,11338893,2017-11
2017,DEC,564993,11338893,2017-12
2016,JAN,379730,11312786,2016-01
2016,FEB,353532,11312786,2016-02
2016,MAR,778211,11312786,2016-03
2016,APR,859420,11312786,2016-04
2016,MAY,1018224,11312786,2016-05
2016,JUN,1364138,11312786,2016-06
2016,JUL,1464456,11312786,2016-07
2016,AUG,1183778,11312786,2016-08
2016,SEP,1165098,11312786,2016-09
2016,OCT,1466584,11312786,2016-10
2016,NOV,810894,11312786,2016-11
2016,DEC,468721,11312786,2016-12
2015,JAN,373315,10712674,2015-01
2015,FEB,244214,10712674,2015-02
2015,MAR,598835,10712674,2015-03
2015,APR,794886,10712674,2015-04
2015,MAY,1017955,10712674,2015-05
2015,JUN,1307646,10712674,2015-06
2015,JUL,1441603,10712674,2015-07
2015,AUG,1208882,10712674,2015-08
2015,SEP,1096723,10712674,2015-09
2015,OCT,1353454,10712674,2015-10
2015,NOV,707576,10712674,2015-11
2015,DEC,567585,10712674,2015-12
2014,JAN,275353,10099276,2014-01
2014,FEB,296451,10099276,2014-02
2014,MAR,509454,10099276,2014-03
2014,APR,724987,10099276,2014-04
2014,MAY,900900,10099276,2014-05
2014,JUN,1305063,10099276,2014-06
2014,JUL,1445328,10099276,2014-07
2014,AUG,1213262,10099276,2014-08
2014,SEP,978105,10099276,2014-09
2014,OCT,1303450,10099276,2014-10
2014,NOV,636596,10099276,2014-11
2014,DEC,510327,10099276,2014-12
2013,JAN,265633,9354695,2013-01
2013,FEB,252437,9354695,2013-02
2013,MAR,465594,9354695,2013-03
2013,APR,636677,9354695,2013-04
2013,MAY,885960,9354695,2013-05
2013,JUN,1321821,9354695,2013-06
2013,JUL,1399567,9354695,2013-07
2013,AUG,1040021,9354695,2013-08
2013,SEP,1060237,9354695,2013-09
2013,OCT,847616,9354695,2013-10
2013,NOV,688430,9354695,2013-11
2013,DEC,490702,9354695,2013-12
2012,JAN,269282,9685829,2012-01
2012,FEB,353390,9685829,2012-02
2012,MAR,611326,9685829,2012-03
2012,APR,745545,9685829,2012-04
2012,MAY,799760,9685829,2012-05
2012,JUN,1202056,9685829,2012-06
2012,JUL,1392067,9685829,2012-07
2012,AUG,1081025,9685829,2012-08
2012,SEP,982942,9685829,2012-09
2012,OCT,1144273,9685829,2012-10
2012,NOV,623636,9685829,2012-11
2012,DEC,480527,9685829,2012-12
2011,JAN,214609,9008830,2011-01
2011,FEB,315206,9008830,2011-02
2011,MAR,502501,9008830,2011-03
2011,APR,690037,9008830,2011-04
2011,MAY,727237,9008830,2011-05
2011,JUN,1121001,9008830,2011-06
2011,JUL,1342491,9008830,2011-07
2011,AUG,1002603,9008830,2011-08
2011,SEP,882269,9008830,2011-09
2011,OCT,1133530,9008830,2011-10
2011,NOV,605743,9008830,2011-11
2011,DEC,471603,9008830,2011-12
2010,JAN,303318,9463538,2010-01
2010,FEB,239587,9463538,2010-02
2010,MAR,505950,9463538,2010-03
2010,APR,848946,9463538,2010-04
2010,MAY,792980,9463538,2010-05
2010,JUN,1359978,9463538,2010-06
2010,JUL,1403978,9463538,2010-07
2010,AUG,947311,9463538,2010-08
2010,SEP,845410,9463538,2010-09
2010,OCT,1252357,9463538,2010-10
2010,NOV,621211,9463538,2010-11
2010,DEC,342512,9463538,2010-12
2009,JAN,323614,9491437,2009-01
2009,FEB,334515,9491437,2009-02
2009,MAR,521140,9491437,2009-03
2009,APR,770585,9491437,2009-04
2009,MAY,788974,9491437,2009-05
2009,JUN,1181938,9491437,2009-06
2009,JUL,1404034,9491437,2009-07
2009,AUG,1035277,9491437,2009-08
2009,SEP,845655,9491437,2009-09
2009,OCT,1052137,9491437,2009-10
2009,NOV,708797,9491437,2009-11
2009,DEC,524771,9491437,2009-12
2008,JAN,322865,9044010,2008-01
2008,FEB,340558,9044010,2008-02
2008,MAR,553078,9044010,2008-03
2008,APR,628593,9044010,2008-04
2008,MAY,783847,9044010,2008-05
2008,JUN,1063589,9044010,2008-06
2008,JUL,1257396,9044010,2008-07
2008,AUG,1049206,9044010,2008-08
2008,SEP,819816,9044010,2008-09
2008,OCT,1096711,9044010,2008-10
2008,NOV,652023,9044010,2008-11
2008,DEC,476328,9044010,2008-12
2007,JAN,350818,9372253,2007-01
2007,FEB,342540,9372253,2007-02
2007,MAR,564878,9372253,2007-03
2007,APR,701353,9372253,2007-04
2007,MAY,810438,9372253,2007-05
2007,JUN,1116371,9372253,2007-06
2007,JUL,1313210,9372253,2007-07
2007,AUG,1011693,9372253,2007-08
2007,SEP,951432,9372253,2007-09
2007,OCT,1092798,9372253,2007-10
2007,NOV,677203,9372253,2007-11
2007,DEC,439519,9372253,2007-12
2006,JAN,363998,9289215,2006-01
2006,FEB,332912,9289215,2006-02
2006,MAR,557555,9289215,2006-03
2006,APR,725298,9289215,2006-04
2006,MAY,732978,9289215,2006-05
2006,JUN,1113186,9289215,2006-06
2006,JUL,1280865,9289215,2006-07
2006,AUG,920331,9289215,2006-08
2006,SEP,928487,9289215,2006-09
2006,OCT,1128927,9289215,2006-10
2006,NOV,702589,9289215,2006-11
2006,DEC,502089,9289215,2006-12
2005,JAN,345009,9192477,2005-01
2005,FEB,347144,9192477,2005-02
2005,MAR,524650,9192477,2005-03
2005,APR,652265,9192477,2005-04
2005,MAY,767056,9192477,2005-05
2005,JUN,1124130,9192477,2005-06
2005,JUL,1333994,9192477,2005-07
2005,AUG,997352,9192477,2005-08
2005,SEP,854342,9192477,2005-09
2005,OCT,1054311,9192477,2005-10
2005,NOV,721684,9192477,2005-11
2005,DEC,470540,9192477,2005-12
2004,JAN,307017,9167046,2004-01
2004,FEB,336212,9167046,2004-02
2004,MAR,506804,9167046,2004-03
2004,APR,675350,9167046,2004-04
2004,MAY,774049,9167046,2004-05
2004,JUN,1076888,9167046,2004-06
2004,JUL,1355683,9167046,2004-07
2004,AUG,1002046,9167046,2004-08
2004,SEP,876758,9167046,2004-09
2004,OCT,1158267,9167046,2004-10
2004,NOV,630539,9167046,2004-11
2004,DEC,467433,9167046,2004-12
2003,JAN,305430,9366845,2003-01
2003,FEB,332223,9366845,2003-02
2003,MAR,533896,9366845,2003-03
2003,APR,701080,9366845,2003-04
2003,MAY,780366,9366845,2003-05
2003,JUN,1156774,9366845,2003-06
2003,JUL,1326666,9366845,2003-07
2003,AUG,1109676,9366845,2003-08
2003,SEP,807827,9366845,2003-09
2003,OCT,1239051,9366845,2003-10
2003,NOV,658929,9366845,2003-11
2003,DEC,414927,9366845,2003-12
2002,JAN,287352,9316420,2002-01
2002,FEB,350391,9316420,2002-02
2002,MAR,522266,9316420,2002-03
2002,APR,674470,9316420,2002-04
2002,MAY,789882,9316420,2002-05
2002,JUN,1159339,9316420,2002-06
2002,JUL,1359477,9316420,2002-07
2002,AUG,1090431,9316420,2002-08
2002,SEP,947207,9316420,2002-09
2002,OCT,1104852,9316420,2002-10
2002,NOV,676504,9316420,2002-11
2002,DEC,354249,9316420,2002-12
2001,JAN,297855,9197697,2001-01
2001,FEB,362356,9197697,2001-02
2001,MAR,467539,9197697,2001-03
2001,APR,706543,9197697,2001-04
2001,MAY,758423,9197697,2001-05
2001,JUN,1085811,9197697,2001-06
2001,JUL,1373170,9197697,2001-07
2001,AUG,1121119,9197697,2001-08
2001,SEP,989884,9197697,2001-09
2001,OCT,1095602,9197697,2001-10
2001,NOV,595586,9197697,2001-11
2001,DEC,343809,9197697,2001-12
2000,JAN,311269,10175812,2000-01
2000,FEB,443683,10175812,2000-02
2000,MAR,525438,10175812,2000-03
2000,APR,725456,10175812,2000-04
2000,MAY,847421,10175812,2000-05
2000,JUN,1167097,10175812,2000-06
2000,JUL,1703605,10175812,2000-07
2000,AUG,1147933,10175812,2000-08
2000,SEP,1009287,10175812,2000-09
2000,OCT,1208590,10175812,2000-10
2000,NOV,668947,10175812,2000-11
2000,DEC,417086,10175812,2000-12
1999,JAN,302467,10283598,1999-01
1999,FEB,352912,10283598,1999-02
1999,MAR,454227,10283598,1999-03
1999,APR,745755,10283598,1999-04
1999,MAY,877679,10283598,1999-05
1999,JUN,1250890,10283598,1999-06
1999,JUL,1674267,10283598,1999-07
1999,AUG,1206176,10283598,1999-08
1999,SEP,1081556,10283598,1999-09
1999,OCT,1136547,10283598,1999-10
1999,NOV,741325,10283598,1999-11
1999,DEC,459797,10283598,1999-12
1998,JAN,263020,9989395,1998-01
1998,FEB,325269,9989395,1998-02
1998,MAR,472838,9989395,1998-03
1998,APR,696321,9989395,1998-04
1998,MAY,847434,9989395,1998-05
1998,JUN,1145571,9989395,1998-06
1998,JUL,1672297,9989395,1998-07
1998,AUG,1184421,9989395,1998-08
1998,SEP,1047938,9989395,1998-09
1998,OCT,1179433,9989395,1998-10
1998,NOV,729487,9989395,1998-11
1998,DEC,425366,9989395,1998-12
1997,JAN,238794,9965075,1997-01
1997,FEB,338695,9965075,1997-02
1997,MAR,483391,9965075,1997-03
1997,APR,652729,9965075,1997-04
1997,MAY,764021,9965075,1997-05
1997,JUN,1091996,9965075,1997-06
1997,JUL,1743996,9965075,1997-07
1997,AUG,1362372,9965075,1997-08
1997,SEP,1029761,9965075,1997-09
1997,OCT,1181685,9965075,1997-10
1997,NOV,624029,9965075,1997-11
1997,DEC,453606,9965075,1997-12
1996,JAN,230199,9265667,1996-01
1996,FEB,380652,9265667,1996-02
1996,MAR,387653,9265667,1996-03
1996,APR,651175,9265667,1996-04
1996,MAY,774385,9265667,1996-05
1996,JUN,1137719,9265667,1996-06
1996,JUL,1394781,9265667,1996-07
1996,AUG,1156114,9265667,1996-08
1996,SEP,970447,9265667,1996-09
1996,OCT,1182349,9265667,1996-10
1996,NOV,552780,9265667,1996-11
1996,DEC,447413,9265667,1996-12
1995,JAN,264477,9080420,1995-01
1995,FEB,277224,9080420,1995-02
1995,MAR,445804,9080420,1995-03
1995,APR,678827,9080420,1995-04
1995,MAY,691175,9080420,1995-05
1995,JUN,1165049,9080420,1995-06
1995,JUL,1351579,9080420,1995-07
1995,AUG,1171837,9080420,1995-08
1995,SEP,953804,9080420,1995-09
1995,OCT,1070437,9080420,1995-10
1995,NOV,532510,9080420,1995-11
1995,DEC,477697,9080420,1995-12
1994,JAN,249289,8628174,1994-01
1994,FEB,293089,8628174,1994-02
1994,MAR,401451,8628174,1994-03
1994,APR,619504,8628174,1994-04
1994,MAY,708517,8628174,1994-05
1994,JUN,966509,8628174,1994-06
1994,JUL,1328303,8628174,1994-07
1994,AUG,1227940,8628174,1994-08
1994,SEP,884902,8628174,1994-09
1994,OCT,1049209,8628174,1994-10
1994,NOV,490559,8628174,1994-11
1994,DEC,408902,8628174,1994-12
1993,JAN,339368,9283848,1993-01
1993,FEB,295074,9283848,1993-02
1993,MAR,293778,9283848,1993-03
1993,APR,595500,9283848,1993-04
1993,MAY,771472,9283848,1993-05
1993,JUN,1081371,9283848,1993-06
1993,JUL,1558223,9283848,1993-07
1993,AUG,1335131,9283848,1993-08
1993,SEP,1004463,9283848,1993-09
1993,OCT,1165569,9283848,1993-10
1993,NOV,500087,9283848,1993-11
1993,DEC,343812,9283848,1993-12
1992,JAN,284355,8931690,1992-01
1992,FEB,300251,8931690,1992-02
1992,MAR,372618,8931690,1992-03
1992,APR,645468,8931690,1992-04
1992,MAY,761708,8931690,1992-05
1992,JUN,1028665,8931690,1992-06
1992,JUL,1442585,8931690,1992-07
1992,AUG,1169735,8931690,1992-08
1992,SEP,923424,8931690,1992-09
1992,OCT,1184533,8931690,1992-10
1992,NOV,471507,8931690,1992-11
1992,DEC,346841,8931690,1992-12
1991,JAN,192460,8654459,1991-01
1991,FEB,233412,8654459,1991-02
1991,MAR,347276,8654459,1991-03
1991,APR,585688,8654459,1991-04
1991,MAY,734033,8654459,1991-05
1991,JUN,1035972,8654459,1991-06
1991,JUL,1409216,8654459,1991-07
1991,AUG,1311019,8654459,1991-08
1991,SEP,905908,8654459,1991-09
1991,OCT,1141505,8654459,1991-10
1991,NOV,454762,8654459,1991-11
1991,DEC,303208,8654459,1991-12
1990,JAN,189278,8151769,1990-01
1990,FEB,234866,8151769,1990-02
1990,MAR,373267,8151769,1990-03
1990,APR,596641,8151769,1990-04
1990,MAY,626377,8151769,1990-05
1990,JUN,1061642,8151769,1990-06
1990,JUL,1394539,8151769,1990-07
1990,AUG,1157840,8151769,1990-08
1990,SEP,913993,8151769,1990-09
1990,OCT,888411,8151769,1990-10
1990,NOV,467715,8151769,1990-11
1990,DEC,247200,8151769,1990-12
1989,JAN,213529,8333553,1989-01
1989,FEB,199584,8333553,1989-02
1989,MAR,340842,8333553,1989-03
1989,APR,506690,8333553,1989-04
1989,MAY,812193,8333553,1989-05
1989,JUN,1195096,8333553,1989-06
1989,JUL,1339906,8333553,1989-07
1989,AUG,1230564,8333553,1989-08
1989,SEP,809478,8333553,1989-09
1989,OCT,1076715,8333553,1989-10
1989,NOV,418785,8333553,1989-11
1989,DEC,190171,8333553,1989-12
1988,JAN,170684,8770781,1988-01
1988,FEB,175550,8770781,1988-02
1988,MAR,309014,8770781,1988-03
1988,APR,504296,8770781,1988-04
1988,MAY,664326,8770781,1988-05
1988,JUN,1245652,8770781,1988-06
1988,JUL,1669578,8770781,1988-07
1988,AUG,1470611,8770781,1988-08
1988,SEP,986914,8770781,1988-09
1988,OCT,969400,8770781,1988-10
1988,NOV,389468,8770781,1988-11
1988,DEC,215288,8770781,1988-12
1987,JAN,260147,10209841,1987-01
1987,FEB,227936,10209841,1987-02
1987,MAR,414925,10209841,1987-03
1987,APR,569557,10209841,1987-04
1987,MAY,868493,10209841,1987-05
1987,JUN,1316697,10209841,1987-06
1987,JUL,1627542,10209841,1987-07
1987,AUG,1512732,10209841,1987-08
1987,SEP,990046,10209841,1987-09
1987,OCT,1576500,10209841,1987-10
1987,NOV,568460,10209841,1987-11
1987,DEC,276806,10209841,1987-12
1986,JAN,206496,9836306,1986-01
1986,FEB,200270,9836306,1986-02
1986,MAR,456909,9836306,1986-03
1986,APR,648885,9836306,1986-04
1986,MAY,825357,9836306,1986-05
1986,JUN,1283519,9836306,1986-06
1986,JUL,1761918,9836306,1986-07
1986,AUG,1400438,9836306,1986-08
1986,SEP,920431,9836306,1986-09
1986,OCT,1285355,9836306,1986-10
1986,NOV,560364,9836306,1986-11
1986,DEC,286364,9836306,1986-12
1985,JAN,173985,9319290,1985-01
1985,FEB,198370,9319290,1985-02
1985,MAR,421954,9319290,1985-03
1985,APR,598858,9319290,1985-04
1985,MAY,631697,9319290,1985-05
1985,JUN,1215802,9319290,1985-06
1985,JUL,1610633,9319290,1985-07
1985,AUG,1391083,9319290,1985-08
1985,SEP,996027,9319290,1985-09
1985,OCT,1340475,9319290,1985-10
1985,NOV,503174,9319290,1985-11
1985,DEC,237232,9319290,1985-12
1984,JAN,157610,8508390,1984-01
1984,FEB,231147,8508390,1984-02
1984,MAR,300499,8508390,1984-03
1984,APR,545683,8508390,1984-04
1984,MAY,638056,8508390,1984-05
1984,JUN,1140590,8508390,1984-06
1984,JUL,1444870,8508390,1984-07
1984,AUG,1281509,8508390,1984-08
1984,SEP,925574,8508390,1984-09
1984,OCT,1133674,8508390,1984-10
1984,NOV,430276,8508390,1984-11
1984,DEC,278902,8508390,1984-12
1983,JAN,175036,8435475,1983-01
1983,FEB,211183,8435475,1983-02
1983,MAR,288660,8435475,1983-03
1983,APR,471963,8435475,1983-04
1983,MAY,682613,8435475,1983-05
1983,JUN,1059355,8435475,1983-06
1983,JUL,1525959,8435475,1983-07
1983,AUG,1252083,8435475,1983-08
1983,SEP,880366,8435475,1983-09
1983,OCT,1266199,8435475,1983-10
1983,NOV,433778,8435475,1983-11
1983,DEC,188280,8435475,1983-12
1982,JAN,136548,8177869,1982-01
1982,FEB,182549,8177869,1982-02
1982,MAR,239607,8177869,1982-03
1982,APR,519507,8177869,1982-04
1982,MAY,861200,8177869,1982-05
1982,JUN,1079651,8177869,1982-06
1982,JUL,1317822,8177869,1982-07
1982,AUG,1186826,8177869,1982-08
1982,SEP,885909,8177869,1982-09
1982,OCT,1227267,8177869,1982-10
1982,NOV,341524,8177869,1982-11
1982,DEC,199459,8177869,1982-12
1981,JAN,195467,8312884,1981-01
1981,FEB,200825,8312884,1981-02
1981,MAR,270349,8312884,1981-03
1981,APR,605239,8312884,1981-04
1981,MAY,736726,8312884,1981-05
1981,JUN,1079198,8312884,1981-06
1981,JUL,1378610,8312884,1981-07
1981,AUG,1367634,8312884,1981-08
1981,SEP,813246,8312884,1981-09
1981,OCT,1107413,8312884,1981-10
1981,NOV,357166,8312884,1981-11
1981,DEC,201011,8312884,1981-12
1980,JAN,207662,8440953,1980-01
1980,FEB,192198,8440953,1980-02
1980,MAR,259715,8440953,1980-03
1980,APR,553448,8440953,1980-04
1980,MAY,715996,8440953,1980-05
1980,JUN,1105867,8440953,1980-06
1980,JUL,1439447,8440953,1980-07
1980,AUG,1410230,8440953,1980-08
1980,SEP,802476,8440953,1980-09
1980,OCT,1075611,8440953,1980-10
1980,NOV,447716,8440953,1980-11
1980,DEC,230587,8440953,1980-12
1979,JAN,130261,8019788,1979-01
1979,FEB,160764,8019788,1979-02
1979,MAR,309163,8019788,1979-03
1979,APR,650485,8019788,1979-04
1979,MAY,666017,8019788,1979-05
1979,JUN,994065,8019788,1979-06
1979,JUL,1324322,8019788,1979-07
1979,AUG,1274155,8019788,1979-08
1979,SEP,779102,8019788,1979-09
1979,OCT,1114291,8019788,1979-10
1979,NOV,377640,8019788,1979-11
1979,DEC,239523,8019788,1979-12
